{
  "presets": {
    "default": {
      "posterior": {
        "position": [111.49243208006662, -75.36208922173927, -148.59680953206953],
        "focal_point": [58.09202575651539, 38.685601378896756, 40.563205563488445],
        "view_up": [-0.07635376328801956, 0.8860401531684248, -0.4572777600157607],
        "zoom": 1.0
      },
      "anterior": {
        "position": [98.19776719699054, 306.51357742278685, 49.20352367868176],
        "focal_point": [56.8361423195386, 40.54765583783641, 43.001987855461195],
        "view_up": [-0.22367346377168093, 0.043813444269235405, -0.9736788812055263],
        "zoom": 1.0
      },
      "right": {
        "position": [-160.21175566775457, 89.54452626561813, 105.79946321976377],
        "focal_point": [52.067371495331464, 38.632232415124484, 42.66863918292802],
        "view_up": [0.12537549694129713, 0.9348034735673706, -0.3323002416085507],
        "zoom": 1.2
      }
    },
    "custom_0": {
      "posterior": {
        "position": [-128824.49145057592, -124531.67060140635, -143348.332271196],
        "focal_point": [17443.152343749996, -180764.5000000001, 160869.00000000006],
        "view_up": [-0.08058102035149797, 0.9725031004192661, 0.21850496295056138],
        "zoom": 1.0
      },
      "anterior": {
        "position": [13786.469819848466, 80651.57402779875, 268869.1084863703],
        "focal_point": [13312.77708225874, -179245.1101249733, 157345.72228165137],
        "view_up": [-0.7129169641490409, 0.27762356535032073, -0.6439522949650006],
        "zoom": 1.0
      },
      "right": {
        "position": [-280511.66794023005, -177016.18161699717, 329134.9061020975],
        "focal_point": [17443.15234375, -180764.5, 160869],
        "view_up": [0.17574602877154943, 0.9406757548181602, 0.2902455127444944],
        "zoom": 1.0
      }
    }
  }
}