{
  "presets": {
    "setup": {
      "camera_0": {
        "position": [
          340674.0935519148,
          -255804.3399408841,
          244507.0358739441
        ],
        "focal_point": [
          17443.152343749996,
          -180764.5000000001,
          160869.00000000006
        ],
        "view_up": [
          0.04697827774938704,
          0.8269188802260395,
          0.5603554291210308
        ],
        "zoom": 1.0
      }
    }
  }
}